filename,age,sex
20090430-09.19-01_noexif.jpg,juv,M
20090430-09.30-02_noexif.jpg,ad,F
20090430-09.38-03_noexif.jpg,juv,M
20090430-09.38-04_noexif.jpg,juv,M
20090430-10.05-09_noexif.jpg,juv,M
20090430-10.28-11_noexif.jpg,juv,F
20090430-10.32-12_noexif.jpg,juv,M
20090430-10.39-14_noexif.jpg,juv,M
20090430-11.04-16_noexif.jpg,juv,F
20090430-11.25-18_noexif.jpg,juv,M
20090430-11.32-19_noexif.jpg,ad,M
20090430-11.59-21_noexif.jpg,ad,F
20090430-11.59-22_noexif.jpg,ad,F
20090430-12.09-23_noexif.jpg,ad,M
20090430-12.09-24_noexif.jpg,ad,M
20090430-14.02-25_noexif.jpg,,M
20090430-14.22-26_noexif.jpg,,M
20090430-14.28-27_noexif.jpg,,M
20090430-14.46-30_noexif.jpg,juv,
20090430-14.57-32_noexif.jpg,ad,F
20090430-15.23-37_noexif.jpg,juv,M
20090430-15.24-38_noexif.jpg,juv,F
20090430-15.42-41_noexif.jpg,ad,M
20090430-15.51-42_noexif.jpg,ad,M
20090430-15.51-43_noexif.jpg,ad,M
20090430-17.38-44_noexif.jpg,ad,F
20090430-18.13-45_noexif.jpg,ad,M
20090430-18.13-51_noexif.jpg,,M
20090430-18.25-47_noexif.jpg,ad,F
20090430-18.49-48_noexif.jpg,,M
20090430-18.49-49_noexif.jpg,ad,M
20090501-09.06-53_noexif.jpg,juv,M
20090501-09.06-54_noexif.jpg,ad,M
20090501-09.24-55_noexif.jpg,juv,F
20090501-09.46-59_noexif.jpg,juv,M
20090501-09.49-60_noexif.jpg,juv,M
20090501-10.44-62_noexif.jpg,juv,F
20090501-13.10-65_noexif.jpg,juv,M
20090501-13.21-66_noexif.jpg,juv,M
20090501-13.45-67_noexif.jpg,,M
20090501-14.01-69_noexif.jpg,ad,F
20090501-14.01-70_noexif.jpg,juv,M
20090501-14.12-71_noexif.jpg,juv,M
20090501-14.25-72_noexif.jpg,juv,F
20090502-07.58-73_noexif.jpg,juv,F
20090502-07.58-74_noexif.jpg,ad,M
20090502-08.05-75_noexif.jpg,juv,F
20090502-08.05-76_noexif.jpg,ad,M
20090502-08.28-77_noexif.jpg,juv,M
20090502-08.39-78_noexif.jpg,juv,F
20090502-08.39-79_noexif.jpg,juv,M
20090502-08.47-80_noexif.jpg,juv,M
20090502-09.26-83_noexif.jpg,juv,M
20090502-09.28-84_noexif.jpg,ad,F
20090502-09.46-85_noexif.jpg,juv,M
20090502-09.48-86_noexif.jpg,ad,F
20090502-10.02-87_noexif.jpg,juv,M
20090502-10.03-88_noexif.jpg,juv,F
20090502-10.22-89_noexif.jpg,juv,M
20090502-10.33-90_noexif.jpg,juv,M
20090502-10.33-91_noexif.jpg,juv,F
20090502-10.39-92_noexif.jpg,juv,M
20090502-10.55-93_noexif.jpg,ad,F
20090502-10.55-94_noexif.jpg,ad,F
20090502-12.00-95_noexif.jpg,juv,M
20090502-12.05-96_noexif.jpg,ad,F
20090502-12.14-97_noexif.jpg,ad,M
20090502-12.28-98_noexif.jpg,ad,F
20090502-12.30-99_noexif.jpg,ad,M
20090502-13.07-100_noexif.jpg,ad,F
20090502-13.07-101_noexif.jpg,ad,M
20090502-13.16-102_noexif.jpg,ad,M
20090502-13.16-103_noexif.jpg,ad,M
20090502-13.18-104_noexif.jpg,juv,F
20090502-13.30-106_noexif.jpg,ad,F
20090502-14.56-111_noexif.jpg,ad,F
20090502-15.16-115_noexif.jpg,ad,F
20090502-15.16-116_noexif.jpg,ad,M
20090502-15.46-117_noexif.jpg,juv,F
20090502-15.46-118_noexif.jpg,juv,F
20090502-16.35-122_noexif.jpg,,F
20090502-17.08-123_noexif.jpg,ad,F
20090502-17.34-125_noexif.jpg,ad,F
20090502-17.34-126_noexif.jpg,ad,M
20090502-18.06-127_noexif.jpg,ad,F
20090503-08.01-133_noexif.jpg,ad,F
20090503-08.01-134_noexif.jpg,ad,F
20090503-08.05-135_noexif.jpg,ad,M
20090503-08.24-136_noexif.jpg,ad,M
20090503-08.25-137_noexif.jpg,juv,F
20090503-08.50-139_noexif.jpg,juv,M
20090503-09.15-142_noexif.jpg,ad,M
20090503-09.15-143_noexif.jpg,,F
20090503-09.15-144_noexif.jpg,ad,F
20090503-09.17-145_noexif.jpg,ad,F
20090503-10.54-149_noexif.jpg,juv,M
20090503-11.07-150_noexif.jpg,,M
20090503-11.21-151_noexif.jpg,ad,M
20090503-11.42-152_noexif.jpg,juv,F
20090503-12.19-154_noexif.jpg,ad,M
20090503-13.16-156_noexif.jpg,ad,M
20090503-13.30-157_noexif.jpg,juv,F
20090503-13.31-158_noexif.jpg,juv,M
20090503-14.06-160_noexif.jpg,juv,F
20090503-14.14-161_noexif.jpg,juv,F
20090503-14.15-162_noexif.jpg,ad,M
20090503-14.15-163_noexif.jpg,ad,M
20090503-14.28-164_noexif.jpg,juv,M
_63I0001_noexif.jpg,ad,M
_63I0018_noexif.jpg,juv,F
_63I0026_noexif.jpg,juv,M
_63I0027_noexif.jpg,juv,M
_63I0028_noexif.jpg,juv,M
_63I0054_noexif.jpg,juv,F
_63I0072_noexif.jpg,juv,F
_63I0082_noexif.jpg,juv,F
_63I0084_noexif.jpg,juv,F
_63I0087_noexif.jpg,juv,F
_63I0089_noexif.jpg,ad,F
_63I0090_noexif.jpg,ad,F
_63I0091_noexif.jpg,ad,F
_63I0101_noexif.jpg,ad,F
_63I0102_noexif.jpg,ad,F
_63I0103_noexif.jpg,ad,F
_63I0104_noexif.jpg,ad,F
_63I0105_noexif.jpg,ad,F
_63I0124_noexif.jpg,,M
_63I0138_noexif.jpg,ad,M
_63I0196_noexif.jpg,juv,M
_63I0197_noexif.jpg,juv,M
_63I0198_noexif.jpg,juv,M
_63I0203_noexif.jpg,juv,M
_63I0204_noexif.jpg,juv,M
_63I0207_noexif.jpg,juv,M
_63I0210_noexif.jpg,juv,M
_63I0212_noexif.jpg,juv,M
_63I0213_noexif.jpg,juv,M
_63I0214_noexif.jpg,ad,F
_63I0221_noexif.jpg,ad,F
_63I0222_noexif.jpg,ad,F
_63I0227_noexif.jpg,,M
_63I0235_noexif.jpg,,M
_63I0249_noexif.jpg,,M
_63I0252_noexif.jpg,juv,F
_63I0253_noexif.jpg,juv,F
_63I0254_noexif.jpg,juv,F
_63I0262_noexif.jpg,juv,F
_63I0265_noexif.jpg,juv,M
_63I0266_noexif.jpg,juv,M
_63I0269_noexif.jpg,juv,M
_63I0271_noexif.jpg,juv,M
_63I0273_noexif.jpg,juv,M
_63I0274_noexif.jpg,juv,M
_63I0279_noexif.jpg,,F
_63I0280_noexif.jpg,,F
_63I0281_noexif.jpg,,F
_63I0293_noexif.jpg,ad,M
_63I0312_noexif.jpg,ad,M
_63I0323_noexif.jpg,ad,M
_63I0328_noexif.jpg,ad,F
_63I0330_noexif.jpg,juv,M
_63I0346_noexif.jpg,juv,F
_63I0349_noexif.jpg,juv,F
_63I0351_noexif.jpg,juv,F
_63I0356_noexif.jpg,ad,M
_63I0364_noexif.jpg,ad,M
_63I0366_noexif.jpg,ad,M
_63I0371_noexif.jpg,juv,F
_63I0374_noexif.jpg,juv,F
_63I0376_noexif.jpg,juv,F
_63I0394_noexif.jpg,juv,F
_63I0405_noexif.jpg,juv,F
_63I0410_noexif.jpg,ad,M
_63I0411_noexif.jpg,ad,M
_63I0412_noexif.jpg,ad,M
_63I0430_noexif.jpg,ad,F
_63I0431_noexif.jpg,ad,F
_63I0432_noexif.jpg,ad,F
_63I0440_noexif.jpg,ad,F
_63I0443_noexif.jpg,ad,F
_63I0445_noexif.jpg,ad,M
_63I0446_noexif.jpg,ad,M
_63I0447_noexif.jpg,ad,M
_63I0448_noexif.jpg,ad,M
_63I0460_noexif.jpg,juv,F
_63I0475_noexif.jpg,juv,M
_63I0479_noexif.jpg,juv,F
_63I0481_noexif.jpg,ad,M
_63I0507_noexif.jpg,ad,M
_63I0524_noexif.jpg,juv,F
_63I0534_noexif.jpg,juv,F
_63I0536_noexif.jpg,juv,F
_63I0561_noexif.jpg,ad,M
_63I0564_noexif.jpg,ad,M
_63I0565_noexif.jpg,ad,M
_63I0570_noexif.jpg,juv,M
_63I0577_noexif.jpg,juv,M
_63I0578_noexif.jpg,juv,M
_63I0597_noexif.jpg,juv,M
_63I0598_noexif.jpg,juv,M
_63I0600_noexif.jpg,juv,M
_63I0603_noexif.jpg,juv,M
_63I0604_noexif.jpg,juv,M
_63I0605_noexif.jpg,juv,M
_63I0606_noexif.jpg,juv,M
_63I0607_noexif.jpg,juv,M
_63I0611_noexif.jpg,juv,F
_63I0612_noexif.jpg,juv,F
_63I0614_noexif.jpg,juv,F
_63I0615_noexif.jpg,juv,F
_63I0630_noexif.jpg,juv,M
_63I0635_noexif.jpg,juv,M
_63I0636_noexif.jpg,juv,M
_63I0642_noexif.jpg,juv,M
_63I0643_noexif.jpg,juv,M
_63I0650_noexif.jpg,juv,M
_63I0652_noexif.jpg,juv,M
_63I0659_noexif.jpg,juv,M
_63I0663_noexif.jpg,juv,M
_63I0668_noexif.jpg,ad,M
_63I0683_noexif.jpg,ad,M
_63I0684_noexif.jpg,ad,M
_63I0685_noexif.jpg,ad,M
_63I0701_noexif.jpg,juv,M
_63I0702_noexif.jpg,juv,M
_63I0710_noexif.jpg,juv,M
_63I0719_noexif.jpg,ad,M
_63I0720_noexif.jpg,ad,M
_63I0721_noexif.jpg,ad,M
_63I0722_noexif.jpg,ad,M
_63I0723_noexif.jpg,ad,M
_63I0725_noexif.jpg,ad,M
_63I0727_noexif.jpg,ad,M
_63I0734_noexif.jpg,ad,M
_63I0736_noexif.jpg,ad,M
_63I0741_noexif.jpg,juv,M
_63I0743_noexif.jpg,juv,M
_63I0745_noexif.jpg,juv,F
_63I0746_noexif.jpg,juv,F
_63I0747_noexif.jpg,juv,F
_63I0748_noexif.jpg,juv,F
_63I0751_noexif.jpg,juv,F
_63I0752_noexif.jpg,juv,F
_63I0755_noexif.jpg,juv,F
_63I0758_noexif.jpg,juv,F
_63I0760_noexif.jpg,juv,F
_63I0761_noexif.jpg,juv,F
_63I0764_noexif.jpg,ad,F
_63I0771_noexif.jpg,ad,F
_63I0776_noexif.jpg,ad,M
_63I0782_noexif.jpg,juv,M
_63I0784_noexif.jpg,juv,M
_63I0785_noexif.jpg,juv,M
_63I0787_noexif.jpg,juv,M
_63I0789_noexif.jpg,juv,M
_63I0792_noexif.jpg,juv,M
_63I0802_noexif.jpg,juv,M
_63I0810_noexif.jpg,juv,F
_63I0812_noexif.jpg,juv,F
_63I0813_noexif.jpg,juv,F
_63I0816_noexif.jpg,juv,F
_63I0818_noexif.jpg,juv,F
_63I0819_noexif.jpg,juv,F
_63I0820_noexif.jpg,juv,F
_63I0824_noexif.jpg,juv,M
_63I0825_noexif.jpg,juv,M
_63I0835_noexif.jpg,,F
_63I0836_noexif.jpg,,F
_63I0840_noexif.jpg,ad,M
_63I0843_noexif.jpg,ad,M
_63I0845_noexif.jpg,ad,M
_63I0846_noexif.jpg,ad,M
_63I0848_noexif.jpg,ad,M
_63I0859_noexif.jpg,ad,M
_63I0860_noexif.jpg,ad,M
_63I0870_noexif.jpg,ad,M
_63I0871_noexif.jpg,ad,M
_63I0872_noexif.jpg,ad,M
_63I0874_noexif.jpg,ad,M
_63I0875_noexif.jpg,ad,M
_63I0884_noexif.jpg,,F
_63I0890_noexif.jpg,,F
_63I0909_noexif.jpg,ad,M
_63I0910_noexif.jpg,ad,M
_63I0911_noexif.jpg,ad,M
_63I0914_noexif.jpg,,F
_63I0921_noexif.jpg,juv,M
_63I0922_noexif.jpg,juv,M
_63I0925_noexif.jpg,juv,M
_63I0931_noexif.jpg,ad,M
_63I0932_noexif.jpg,ad,M
_63I0938_noexif.jpg,ad,M
_63I0939_noexif.jpg,ad,M
_63I0943_noexif.jpg,ad,M
_63I0944_noexif.jpg,ad,M
_63I0957_noexif.jpg,ad,M
_63I0988_noexif.jpg,juv,F
_63I0997_noexif.jpg,ad,M
_63I0999_noexif.jpg,ad,M
_63I1009_noexif.jpg,ad,M
_63I1012_noexif.jpg,ad,M
_63I1014_noexif.jpg,ad,M
_63I1020_noexif.jpg,ad,F
_63I1026_noexif.jpg,ad,F
_63I1040_noexif.jpg,ad,F
_63I1060_noexif.jpg,ad,F
_63I1062_noexif.jpg,ad,F
_63I1063_noexif.jpg,ad,F
_63I1064_noexif.jpg,ad,F
_63I1079_noexif.jpg,ad,F
_63I1100_noexif.jpg,juv,M
_63I1101_noexif.jpg,juv,M
_63I1102_noexif.jpg,juv,M
_63I1104_noexif.jpg,juv,M
_63I1105_noexif.jpg,juv,M
_63I1106_noexif.jpg,juv,M
_63I1107_noexif.jpg,juv,M
_63I1108_noexif.jpg,juv,M
_63I1109_noexif.jpg,juv,M
_63I1130_noexif.jpg,juv,F
_63I1136_noexif.jpg,ad,M
_63I1137_noexif.jpg,ad,M
_63I1138_noexif.jpg,ad,M
_63I1150_noexif.jpg,ad,M
_63I1156_noexif.jpg,juv,F
_63I1157_noexif.jpg,juv,F
_63I1158_noexif.jpg,juv,F
_63I1181_noexif.jpg,juv,F
_63I1182_noexif.jpg,juv,F
_63I1183_noexif.jpg,juv,F
_63I1185_noexif.jpg,juv,F
_63I1199_noexif.jpg,juv,F
_63I1204_noexif.jpg,ad,M
_63I1219_noexif.jpg,ad,F
_63I1220_noexif.jpg,ad,F
_63I1221_noexif.jpg,ad,F
_63I1222_noexif.jpg,ad,F
_63I1231_noexif.jpg,ad,F
_63I1233_noexif.jpg,ad,F
_63I1234_noexif.jpg,ad,F
_63I1235_noexif.jpg,ad,F
_63I1239_noexif.jpg,ad,F
_63I1244_noexif.jpg,ad,M
_63I1245_noexif.jpg,ad,M
_63I1246_noexif.jpg,ad,M
_63I1250_noexif.jpg,ad,M
_63I1251_noexif.jpg,ad,M
_63I1253_noexif.jpg,ad,M
_63I1254_noexif.jpg,juv,M
_63I1256_noexif.jpg,juv,M
_63I1257_noexif.jpg,juv,M
_63I1258_noexif.jpg,juv,M
_63I1268_noexif.jpg,ad,M
_63I1283_noexif.jpg,juv,M
_63I1287_noexif.jpg,juv,M
_63I1288_noexif.jpg,juv,M
_63I1291_noexif.jpg,juv,M
_63I1299_noexif.jpg,juv,M
_63I1300_noexif.jpg,ad,M
_63I1302_noexif.jpg,ad,M
_63I1304_noexif.jpg,ad,M
_63I1305_noexif.jpg,ad,M
_63I1306_noexif.jpg,ad,M
_63I1307_noexif.jpg,ad,M
_63I1316_noexif.jpg,ad,M
_63I1317_noexif.jpg,ad,M
_63I1320_noexif.jpg,ad,M
_63I1322_noexif.jpg,ad,M
_63I1324_noexif.jpg,ad,M
_63I1327_noexif.jpg,juv,F
_63I1328_noexif.jpg,juv,F
_63I1329_noexif.jpg,juv,F
_63I1330_noexif.jpg,juv,F
_63I1337_noexif.jpg,juv,F
_63I1344_noexif.jpg,juv,F
_63I1348_noexif.jpg,ad,M
_63I1349_noexif.jpg,ad,M
_63I1351_noexif.jpg,ad,M
_63I1352_noexif.jpg,ad,M
_63I1353_noexif.jpg,ad,M
_63I1354_noexif.jpg,ad,M
_63I1355_noexif.jpg,ad,M
_63I1356_noexif.jpg,ad,M
_63I1359_noexif.jpg,ad,M
_63I1361_noexif.jpg,ad,M
_63I1369_noexif.jpg,ad,M
_63I1370_noexif.jpg,ad,M
_63I1374_noexif.jpg,ad,M
_63I1381_noexif.jpg,juv,M
_63I1382_noexif.jpg,juv,M
_63I1388_noexif.jpg,ad,M
_63I1394_noexif.jpg,ad,M
_63I1395_noexif.jpg,ad,M
_63I1396_noexif.jpg,ad,M
_63I1398_noexif.jpg,ad,M
_63I1399_noexif.jpg,ad,M
_63I1400_noexif.jpg,ad,M
_63I1402_noexif.jpg,ad,M
_63I1403_noexif.jpg,ad,M
_63I1405_noexif.jpg,ad,M
_63I1406_noexif.jpg,ad,M
_63I1419_noexif.jpg,ad,M
_63I1427_noexif.jpg,ad,M
_63I1430_noexif.jpg,ad,M
_63I1431_noexif.jpg,ad,M
_63I1433_noexif.jpg,ad,M
_63I1434_noexif.jpg,ad,M
_63I1435_noexif.jpg,ad,M
_63I1443_noexif.jpg,juv,F
_63I1456_noexif.jpg,juv,F
_63I1459_noexif.jpg,ad,M
_63I1461_noexif.jpg,ad,M
_63I1462_noexif.jpg,ad,M
_63I1463_noexif.jpg,ad,M
_63I1468_noexif.jpg,ad,M
_63I1469_noexif.jpg,ad,M
_63I1470_noexif.jpg,ad,M
_63I1479_noexif.jpg,juv,F
_63I1511_noexif.jpg,ad,M
_63I1512_noexif.jpg,ad,M
_63I1514_noexif.jpg,ad,M
_63I1522_noexif.jpg,juv,F
_63I1535_noexif.jpg,juv,M
_63I1536_noexif.jpg,juv,M
_63I1549_noexif.jpg,juv,M
_63I1569_noexif.jpg,juv,M
_63I1574_noexif.jpg,juv,M
_63I1581_noexif.jpg,juv,M
_63I1582_noexif.jpg,juv,M
_63I1592_noexif.jpg,juv,M
_63I1593_noexif.jpg,juv,M
_63I1602_noexif.jpg,juv,M
_63I1614_noexif.jpg,juv,F
_63I1625_noexif.jpg,juv,F
_63I1634_noexif.jpg,juv,F
_63I1640_noexif.jpg,juv,M
_63I1654_noexif.jpg,juv,M
_63I1663_noexif.jpg,juv,M
_63I1666_noexif.jpg,juv,M
_63I1667_noexif.jpg,juv,M
_63I1669_noexif.jpg,juv,M
_63I1676_noexif.jpg,,
_63I1700_noexif.jpg,ad,M
_63I1702_noexif.jpg,ad,M
_63I1704_noexif.jpg,ad,M
_63I1709_noexif.jpg,ad,M
_63I1718_noexif.jpg,ad,M
_63I1730_noexif.jpg,ad,M
_63I1738_noexif.jpg,ad,M
_63I1750_noexif.jpg,juv,F
_63I1759_noexif.jpg,ad,M
_63I1761_noexif.jpg,ad,M
_63I1763_noexif.jpg,ad,M
_63I1768_noexif.jpg,ad,M
_63I1769_noexif.jpg,ad,M
_63I1774_noexif.jpg,ad,M
_63I1778_noexif.jpg,ad,M
_63I1779_noexif.jpg,ad,M
_63I1780_noexif.jpg,ad,M
_63I1782_noexif.jpg,ad,M
_63I1794_noexif.jpg,ad,M
_63I1800_noexif.jpg,juv,F
_63I1815_noexif.jpg,juv,F
_63I1816_noexif.jpg,juv,F
_63I1817_noexif.jpg,juv,F
_63I1835_noexif.jpg,ad,M
_63I1882_noexif.jpg,juv,M
_63I1884_noexif.jpg,juv,M
_63I1885_noexif.jpg,juv,M
_63I1887_noexif.jpg,juv,M
_63I1910_noexif.jpg,juv,F
_63I1930_noexif.jpg,juv,M
_63I1937_noexif.jpg,juv,M
_63I1942_noexif.jpg,juv,M
_63I1944_noexif.jpg,juv,M
_63I1946_noexif.jpg,juv,M
_63I1947_noexif.jpg,juv,M
_63I1967_noexif.jpg,juv,M
_63I1977_noexif.jpg,juv,M
_63I1978_noexif.jpg,juv,M
_63I1979_noexif.jpg,juv,M
_63I1980_noexif.jpg,juv,M
_63I1983_noexif.jpg,juv,M
_63I1985_noexif.jpg,juv,M
_63I1990_noexif.jpg,juv,M
_63I1992_noexif.jpg,juv,M
_63I1997_noexif.jpg,juv,M
_63I2008_noexif.jpg,juv,M
_63I2012_noexif.jpg,juv,M
_63I2018_noexif.jpg,juv,F
_63I2026_noexif.jpg,juv,F
_63I2091_noexif.jpg,juv,F
_63I2122_noexif.jpg,ad,M
_63I2123_noexif.jpg,ad,M
_63I2128_noexif.jpg,ad,M
_63I2135_noexif.jpg,ad,M
_63I2136_noexif.jpg,ad,M
_63I2142_noexif.jpg,ad,M
_63I2144_noexif.jpg,ad,M
_63I2145_noexif.jpg,ad,M
_63I2151_noexif.jpg,juv,M
_63I2162_noexif.jpg,juv,M
_63I2173_noexif.jpg,juv,M
_63I2184_noexif.jpg,juv,M
_63I2186_noexif.jpg,juv,M
_63I2192_noexif.jpg,ad,M
_63I2195_noexif.jpg,ad,M
_63I2200_noexif.jpg,ad,M
_63I2227_noexif.jpg,juv,M
_63I2228_noexif.jpg,juv,M
_63I2229_noexif.jpg,juv,M
_63I2233_noexif.jpg,juv,M
_63I2255_noexif.jpg,juv,M
_63I2260_noexif.jpg,,
_63I2262_noexif.jpg,juv,M
_63I2267_noexif.jpg,juv,M
_63I2272_noexif.jpg,juv,M
_63I2273_noexif.jpg,juv,M
_63I2295_noexif.jpg,juv,M
_63I2299_noexif.jpg,juv,M
_63I2301_noexif.jpg,juv,M
_63I2306_noexif.jpg,juv,M
_63I2307_noexif.jpg,juv,M
_63I2309_noexif.jpg,juv,M
_63I2311_noexif.jpg,juv,M
_63I2314_noexif.jpg,juv,M
_63I2342_noexif.jpg,juv,M
_63I2343_noexif.jpg,juv,M
_63I2345_noexif.jpg,juv,M
_63I2346_noexif.jpg,juv,M
_63I2347_noexif.jpg,juv,M
_63I2355_noexif.jpg,juv,M
_63I2357_noexif.jpg,juv,M
_63I2368_noexif.jpg,juv,M
_63I2371_noexif.jpg,juv,M
_63I2372_noexif.jpg,juv,M
_63I2375_noexif.jpg,juv,M
_63I2386_noexif.jpg,juv,M
_63I2387_noexif.jpg,juv,M
_63I2389_noexif.jpg,juv,M
_63I2390_noexif.jpg,juv,M
_63I2391_noexif.jpg,juv,M
_63I2393_noexif.jpg,juv,M
_63I2394_noexif.jpg,juv,M
_63I2397_noexif.jpg,juv,M
_63I2407_noexif.jpg,juv,M
_63I2415_noexif.jpg,juv,M
_63I2416_noexif.jpg,juv,M
_63I2418_noexif.jpg,juv,M
_63I2420_noexif.jpg,juv,M
_63I2423_noexif.jpg,juv,M
_63I2425_noexif.jpg,juv,M
_63I2429_noexif.jpg,juv,F
_63I2436_noexif.jpg,juv,M
_63I2441_noexif.jpg,juv,M
_63I2442_noexif.jpg,juv,M
_63I2443_noexif.jpg,juv,M
_63I2444_noexif.jpg,juv,M
_63I2445_noexif.jpg,juv,M
_63I2451_noexif.jpg,juv,M
_63I2453_noexif.jpg,juv,M
_63I2455_noexif.jpg,juv,M
_63I2457_noexif.jpg,juv,M
_63I2461_noexif.jpg,juv,M
_63I2474_noexif.jpg,juv,M
_63I2487_noexif.jpg,juv,M
_63I2489_noexif.jpg,juv,M
_63I2500_noexif.jpg,juv,M
_63I2503_noexif.jpg,juv,M
_63I2505_noexif.jpg,juv,M
_63I2517_noexif.jpg,juv,F
_63I2521_noexif.jpg,,M
_63I2523_noexif.jpg,juv,F
_63I2530_noexif.jpg,juv,F
_63I2531_noexif.jpg,juv,F
_63I2533_noexif.jpg,juv,F
_63I2535_noexif.jpg,juv,F
_63I2536_noexif.jpg,juv,F
_63I2546_noexif.jpg,juv,M
_63I2550_noexif.jpg,juv,M
_63I2551_noexif.jpg,juv,M
_63I2553_noexif.jpg,juv,M
_63I2558_noexif.jpg,juv,M
_63I2559_noexif.jpg,juv,M
_63I2579_noexif.jpg,juv,M
_63I2582_noexif.jpg,juv,F
_63I2598_noexif.jpg,juv,F
_63I2611_noexif.jpg,juv,M
_63I2612_noexif.jpg,juv,M
_63I2629_noexif.jpg,ad,M
_63I2632_noexif.jpg,ad,M
_63I2633_noexif.jpg,ad,M
_63I2640_noexif.jpg,ad,M
_63I2642_noexif.jpg,ad,M
_63I2643_noexif.jpg,ad,M
_63I2644_noexif.jpg,ad,M
_63I2650_noexif.jpg,juv,F
_63I2652_noexif.jpg,juv,F
_63I2655_noexif.jpg,juv,F
_63I2668_noexif.jpg,ad,M
_63I2672_noexif.jpg,ad,M
_63I2674_noexif.jpg,ad,M
_63I2675_noexif.jpg,juv,M
_63I2677_noexif.jpg,juv,M
_63I2678_noexif.jpg,juv,M
_63I2679_noexif.jpg,juv,M
_63I2680_noexif.jpg,juv,M
_63I2682_noexif.jpg,juv,M
_63I2687_noexif.jpg,juv,F
_63I2716_noexif.jpg,ad,M
_63I2742_noexif.jpg,ad,M
_63I2744_noexif.jpg,ad,M
_63I2752_noexif.jpg,juv,F
_63I2753_noexif.jpg,juv,F
_63I2761_noexif.jpg,ad,M
_63I2762_noexif.jpg,ad,M
_63I2777_noexif.jpg,juv,M
_63I2789_noexif.jpg,juv,M
_63I2790_noexif.jpg,juv,M
_63I2795_noexif.jpg,juv,M
_63I2796_noexif.jpg,juv,M
_63I2803_noexif.jpg,ad,M
_63I2812_noexif.jpg,ad,M
_63I2820_noexif.jpg,juv,F
_63I2838_noexif.jpg,juv,F
_63I2844_noexif.jpg,ad,M
_63I2849_noexif.jpg,ad,M
_63I2862_noexif.jpg,juv,M
_63I2866_noexif.jpg,juv,F
_63I2875_noexif.jpg,juv,M
_63I2878_noexif.jpg,juv,M
_63I2889_noexif.jpg,juv,M
_63I2890_noexif.jpg,juv,M
_63I2891_noexif.jpg,juv,M
_63I2892_noexif.jpg,juv,M
_63I2893_noexif.jpg,juv,M
_63I2905_noexif.jpg,ad,M
_63I2906_noexif.jpg,ad,M
_63I2928_noexif.jpg,juv,F
_63I2929_noexif.jpg,juv,F
_63I2935_noexif.jpg,juv,F
_63I2937_noexif.jpg,juv,F
_63I2938_noexif.jpg,juv,F
_63I2957_noexif.jpg,ad,M
_63I2958_noexif.jpg,ad,M
_63I2959_noexif.jpg,ad,M
_63I2961_noexif.jpg,ad,M
_63I2962_noexif.jpg,ad,M
_63I2963_noexif.jpg,ad,M
_63I2972_noexif.jpg,juv,M
_63I2982_noexif.jpg,juv,M
_63I2986_noexif.jpg,juv,M
_63I2987_noexif.jpg,juv,M
_63I2988_noexif.jpg,juv,M
_63I2990_noexif.jpg,juv,M
_63I2992_noexif.jpg,juv,M
_63I2993_noexif.jpg,ad,F
_63I2995_noexif.jpg,ad,F
_63I3001_noexif.jpg,ad,F
_63I3004_noexif.jpg,ad,F
_63I3009_noexif.jpg,juv,M
_63I3010_noexif.jpg,juv,M
_63I3018_noexif.jpg,ad,F
_63I3020_noexif.jpg,ad,F
_63I3021_noexif.jpg,ad,F
_63I3022_noexif.jpg,ad,F
_63I3030_noexif.jpg,juv,M
_63I3031_noexif.jpg,juv,M
_63I3070_noexif.jpg,juv,F
_63I3071_noexif.jpg,ad,M
_63I3078_noexif.jpg,ad,M
_63I3087_noexif.jpg,ad,M
_63I3093_noexif.jpg,ad,F
_63I3098_noexif.jpg,juv,F
_63I3104_noexif.jpg,juv,F
_63I3113_noexif.jpg,juv,F
_63I3117_noexif.jpg,juv,F
_63I3126_noexif.jpg,juv,M
_63I3145_noexif.jpg,juv,M
_63I3146_noexif.jpg,juv,M
_63I3149_noexif.jpg,juv,M
_63I3150_noexif.jpg,juv,M
_63I3153_noexif.jpg,ad,M
_63I3155_noexif.jpg,juv,F
_63I3170_noexif.jpg,juv,M
_63I3171_noexif.jpg,ad,M
_63I3173_noexif.jpg,ad,M
_63I3175_noexif.jpg,ad,M
_63I3176_noexif.jpg,ad,M
_63I3181_noexif.jpg,juv,F
_63I3185_noexif.jpg,ad,M
_63I3186_noexif.jpg,juv,M
_63I3187_noexif.jpg,juv,M
_63I3195_noexif.jpg,juv,M
_63I3198_noexif.jpg,juv,M
_63I3208_noexif.jpg,ad,M
_63I3213_noexif.jpg,juv,F
_63I3214_noexif.jpg,juv,F
_63I3225_noexif.jpg,juv,F
_63I3226_noexif.jpg,juv,F
_63I3230_noexif.jpg,juv,M
_63I3231_noexif.jpg,juv,M
_63I3233_noexif.jpg,juv,M
_63I3234_noexif.jpg,juv,M
_63I3236_noexif.jpg,juv,M
_63I3237_noexif.jpg,juv,M
_63I3244_noexif.jpg,ad,M
_63I3245_noexif.jpg,ad,M
_63I3246_noexif.jpg,ad,M
_63I3248_noexif.jpg,ad,M
_63I3251_noexif.jpg,ad,M
_63I3255_noexif.jpg,juv,M
_63I3256_noexif.jpg,juv,M
_63I3262_noexif.jpg,ad,M
_63I3265_noexif.jpg,ad,M
_63I3267_noexif.jpg,ad,M
_63I3269_noexif.jpg,ad,M
_63I3272_noexif.jpg,ad,M
_63I3275_noexif.jpg,ad,M
_63I3281_noexif.jpg,ad,F
_63I3284_noexif.jpg,ad,F
_63I3285_noexif.jpg,ad,F
_63I3300_noexif.jpg,juv,M
_63I3301_noexif.jpg,juv,M
_63I3303_noexif.jpg,juv,M
_63I3306_noexif.jpg,juv,M
_63I3310_noexif.jpg,juv,M
_63I3311_noexif.jpg,juv,M
_63I3312_noexif.jpg,juv,M
_63I3315_noexif.jpg,juv,F
_63I3327_noexif.jpg,juv,F
_63I3332_noexif.jpg,juv,F
_63I3335_noexif.jpg,ad,M
_63I3336_noexif.jpg,ad,M
_63I3337_noexif.jpg,ad,M
_63I3338_noexif.jpg,ad,M
_63I3339_noexif.jpg,ad,M
_63I3341_noexif.jpg,ad,M
_63I3344_noexif.jpg,ad,M
_63I3351_noexif.jpg,juv,M
_63I3353_noexif.jpg,juv,M
_63I3357_noexif.jpg,juv,M
_63I3358_noexif.jpg,juv,M
_63I3359_noexif.jpg,juv,M
_63I3365_noexif.jpg,juv,M
_63I3371_noexif.jpg,juv,M
_63I3374_noexif.jpg,juv,M
_63I3375_noexif.jpg,juv,M
_63I3384_noexif.jpg,juv,F
_63I3385_noexif.jpg,juv,F
_63I3397_noexif.jpg,juv,M
_63I3408_noexif.jpg,juv,F
_63I3419_noexif.jpg,,
_63I3420_noexif.jpg,juv,F
_63I3423_noexif.jpg,juv,F
_63I3424_noexif.jpg,juv,F
_63I3425_noexif.jpg,juv,F
_63I3426_noexif.jpg,juv,F
_63I3435_noexif.jpg,,
_63I3436_noexif.jpg,juv,F
_63I3439_noexif.jpg,ad,M
_63I3441_noexif.jpg,ad,M
_63I3443_noexif.jpg,ad,M
_63I3444_noexif.jpg,juv,M
_63I3446_noexif.jpg,ad,M
_63I3448_noexif.jpg,ad,M
_63I3449_noexif.jpg,ad,M
_63I3450_noexif.jpg,ad,M
_63I3452_noexif.jpg,ad,M
_63I3455_noexif.jpg,juv,M
_63I3459_noexif.jpg,juv,M
_63I3461_noexif.jpg,juv,M
_63I3462_noexif.jpg,juv,M
_63I3465_noexif.jpg,juv,M
_63I3467_noexif.jpg,ad,M
_63I3474_noexif.jpg,juv,M
_63I3483_noexif.jpg,ad,M
_63I3488_noexif.jpg,,F
_63I3492_noexif.jpg,,F
_63I3497_noexif.jpg,ad,M
_63I3498_noexif.jpg,ad,M
_63I3499_noexif.jpg,ad,M
_63I3503_noexif.jpg,ad,M
_63I3518-001_noexif.jpg,juv,M
_63I3518_noexif.jpg,juv,M
_63I3520_noexif.jpg,ad,F
_63I3522_noexif.jpg,ad,F
_63I3527_noexif.jpg,ad,F
_63I3548_noexif.jpg,juv,F
_63I3566_noexif.jpg,juv,M
_63I3574-001_noexif.jpg,ad,F
_63I3582_noexif.jpg,ad,M
_63I3592-001_noexif.jpg,ad,F
_63I3592_noexif.jpg,ad,F
_63I3598_noexif.jpg,juv,F
_63I3636_noexif.jpg,ad,M
_63I3644_noexif.jpg,juv,M
_63I3645_noexif.jpg,juv,M
_63I3651_noexif.jpg,juv,M
_63I3653_noexif.jpg,juv,M
_63I3654_noexif.jpg,juv,M
_63I3655_noexif.jpg,juv,M
_63I3658_noexif.jpg,ad,F
_63I3659_noexif.jpg,ad,F
_63I3664_noexif.jpg,ad,F
_63I3673_noexif.jpg,ad,F
_63I3678_noexif.jpg,juv,M
_63I3679_noexif.jpg,juv,M
_63I3683_noexif.jpg,juv,M
_63I3685_noexif.jpg,juv,M
_63I3688_noexif.jpg,juv,M
_63I3690_noexif.jpg,juv,M
_63I3700_noexif.jpg,ad,F
_63I3701_noexif.jpg,ad,F
_63I3706_noexif.jpg,juv,F
_63I3709_noexif.jpg,juv,M
_63I3711_noexif.jpg,juv,M
_63I3712_noexif.jpg,juv,F
_63I3714_noexif.jpg,juv,F
_63I3715_noexif.jpg,juv,F
_63I3729_noexif.jpg,ad,F
_63I3738_noexif.jpg,juv,M
_63I3739_noexif.jpg,juv,M
_63I3742_noexif.jpg,juv,M
_63I3745_noexif.jpg,juv,M
_63I3756_noexif.jpg,juv,M
_63I3762_noexif.jpg,ad,F
_63I3764_noexif.jpg,ad,F
_63I3769_noexif.jpg,ad,F
_63I3770_noexif.jpg,ad,F
_63I3776_noexif.jpg,ad,F
_63I3777_noexif.jpg,ad,F
_63I3778_noexif.jpg,ad,M
_63I3781_noexif.jpg,ad,M
_63I3787_noexif.jpg,juv,M
_63I3789_noexif.jpg,juv,M
_63I3790_noexif.jpg,ad,M
_63I3792_noexif.jpg,juv,M
_63I3793_noexif.jpg,ad,M
_63I3796_noexif.jpg,ad,M
_63I3801_noexif.jpg,ad,F
_63I3809_noexif.jpg,ad,M
_63I3811_noexif.jpg,ad,M
_63I3812_noexif.jpg,ad,M
_63I3816_noexif.jpg,ad,M
_63I3819_noexif.jpg,ad,M
_63I3822_noexif.jpg,ad,M
_63I3828_noexif.jpg,ad,M
_63I3830_noexif.jpg,ad,M
_63I3831_noexif.jpg,ad,M
_63I3834_noexif.jpg,ad,M
_63I3837_noexif.jpg,,
_63I3900_noexif.jpg,juv,M
_63I3902_noexif.jpg,juv,M
_63I3903_noexif.jpg,juv,M
_63I3905_noexif.jpg,juv,M
_63I3908_noexif.jpg,juv,M
_63I3933_noexif.jpg,ad,F
_63I3943_noexif.jpg,ad,M
_63I3945_noexif.jpg,ad,M
_63I3963_noexif.jpg,ad,M
_63I3970_noexif.jpg,juv,M
_63I3978_noexif.jpg,juv,M
_63I3981_noexif.jpg,juv,M
_63I3984_noexif.jpg,juv,M
_63I3999_noexif.jpg,juv,M
_63I4006_noexif.jpg,ad,M
_63I4007_noexif.jpg,ad,M
_63I4029_noexif.jpg,ad,M
_63I4035_noexif.jpg,ad,M
_63I4036_noexif.jpg,ad,M
_63I4038_noexif.jpg,ad,M
_63I4044_noexif.jpg,ad,M
_63I4067_noexif.jpg,ad,M
_63I4068_noexif.jpg,ad,M
_63I4074_noexif.jpg,ad,M
_63I4100_noexif.jpg,juv,F
_63I4112_noexif.jpg,ad,M
_63I4121_noexif.jpg,ad,M
_63I4125_noexif.jpg,ad,M
_63I4126_noexif.jpg,ad,M
_63I4128_noexif.jpg,ad,M
_63I4135_noexif.jpg,ad,M
_63I4136_noexif.jpg,ad,M
_63I4144_noexif.jpg,juv,M
_63I4145_noexif.jpg,juv,M
_63I4176_noexif.jpg,juv,M
_63I4188_noexif.jpg,ad,F
_63I4193_noexif.jpg,juv,M
_63I4195_noexif.jpg,juv,M
_63I4199_noexif.jpg,juv,M
_63I4200_noexif.jpg,juv,M
_63I4202_noexif.jpg,juv,M
_63I4217_noexif.jpg,juv,M
_63I4218_noexif.jpg,juv,M
_63I4223_noexif.jpg,ad,F
_63I4224_noexif.jpg,ad,F
_63I4225_noexif.jpg,ad,F
_63I4226_noexif.jpg,ad,F
_63I4227_noexif.jpg,ad,F
_63I4230_noexif.jpg,ad,F
_63I4234_noexif.jpg,juv,M
_63I4236_noexif.jpg,juv,M
_63I4237_noexif.jpg,juv,M
_63I4246_noexif.jpg,juv,M
_63I4248_noexif.jpg,juv,M
_63I4253_noexif.jpg,juv,M
_63I4265_noexif.jpg,juv,M
_63I4268_noexif.jpg,juv,M
_63I4277_noexif.jpg,juv,M
_63I4279_noexif.jpg,juv,M
_63I4280_noexif.jpg,juv,M
_63I4281_noexif.jpg,juv,M
_63I4290_noexif.jpg,ad,F
_63I4338_noexif.jpg,ad,M
_63I4351_noexif.jpg,juv,F
_63I4358_noexif.jpg,ad,M
_63I4364_noexif.jpg,juv,F
_63I4380_noexif.jpg,juv,F
_63I4381_noexif.jpg,juv,F
_63I4382_noexif.jpg,juv,F
_63I4385_noexif.jpg,juv,F
_63I4386_noexif.jpg,ad,F
_63I4397_noexif.jpg,ad,F
_63I4400_noexif.jpg,ad,F
_63I4405_noexif.jpg,ad,M
_63I4412_noexif.jpg,ad,M
_63I4419_noexif.jpg,ad,M
_63I4427_noexif.jpg,ad,M
_63I4440_noexif.jpg,ad,F
_63I4442_noexif.jpg,ad,M
_63I4454_noexif.jpg,ad,F
_63I4455_noexif.jpg,ad,F
_63I4466_noexif.jpg,juv,M
_63I4508_noexif.jpg,juv,M
_63I4509_noexif.jpg,juv,M
_63I4537_noexif.jpg,juv,M
_63I4542_noexif.jpg,juv,M
_63I4543_noexif.jpg,juv,M
_63I4544_noexif.jpg,juv,M
_63I4545_noexif.jpg,juv,M
_63I4546_noexif.jpg,juv,M
_63I4547_noexif.jpg,juv,M
_63I4553_noexif.jpg,juv,M
_63I4554_noexif.jpg,juv,M
_63I4603_noexif.jpg,juv,M
_63I4613_noexif.jpg,juv,M
_63I4614_noexif.jpg,juv,M
_63I4616_noexif.jpg,juv,M
_63I4625_noexif.jpg,juv,M
_63I4626_noexif.jpg,juv,M
_63I4627_noexif.jpg,juv,M
_63I4628_noexif.jpg,juv,M
_63I4640_noexif.jpg,juv,M
_63I4641_noexif.jpg,juv,M
_63I4642_noexif.jpg,juv,M
_63I4643_noexif.jpg,juv,M
_63I4644_noexif.jpg,juv,M
_63I4647_noexif.jpg,ad,F
_63I4648_noexif.jpg,ad,F
_63I4649_noexif.jpg,ad,F
_63I4650_noexif.jpg,ad,F
_63I4653_noexif.jpg,ad,F
_63I4655_noexif.jpg,ad,F
_63I4657_noexif.jpg,ad,F
_63I4690_noexif.jpg,ad,M
_63I4707_noexif.jpg,juv,M
_63I4708_noexif.jpg,juv,M
_63I4719_noexif.jpg,ad,F
_63I4724_noexif.jpg,ad,F
_63I4730_noexif.jpg,ad,F
_63I4734_noexif.jpg,ad,F
_63I4736_noexif.jpg,ad,F
_63I4740_noexif.jpg,juv,M
_63I4742_noexif.jpg,juv,M
_63I4753_noexif.jpg,juv,M
_63I4754_noexif.jpg,juv,M
_63I4756_noexif.jpg,ad,F
_63I4758_noexif.jpg,ad,F
_63I4762_noexif.jpg,ad,F
_63I4763_noexif.jpg,ad,F
_63I4764_noexif.jpg,ad,F
_63I4776_noexif.jpg,juv,M
_63I4780_noexif.jpg,juv,M
_63I4789_noexif.jpg,juv,M
_63I4790_noexif.jpg,juv,M
_63I4805_noexif.jpg,ad,M
_63I4807_noexif.jpg,ad,M
_63I4810-001_noexif.jpg,ad,M
_63I4810-002_noexif.jpg,ad,M
_63I4810_noexif.jpg,ad,M
_63I4811_noexif.jpg,ad,M
_63I4812_noexif.jpg,ad,M
_63I4813_noexif.jpg,ad,M
_63I4825_noexif.jpg,ad,F
_63I4867_noexif.jpg,ad,F
_63I4872_noexif.jpg,ad,F
_63I4874_noexif.jpg,ad,M
_63I4916_noexif.jpg,ad,M
_63I4943_noexif.jpg,ad,M
_63I4947_noexif.jpg,ad,M
_63I4954_noexif.jpg,ad,M
_63I4969_noexif.jpg,ad,M
_63I5024_noexif.jpg,ad,M
_63I5030_noexif.jpg,juv,F
_63I5031_noexif.jpg,juv,F
_63I5049_noexif.jpg,ad,M
_63I5053_noexif.jpg,ad,M
_63I5065_noexif.jpg,ad,M
_63I5067_noexif.jpg,ad,M
_63I5068_noexif.jpg,ad,M
_63I5069_noexif.jpg,ad,M
_63I5073_noexif.jpg,ad,M
_63I5075_noexif.jpg,ad,M
_63I5081_noexif.jpg,ad,M
_63I5082_noexif.jpg,ad,M
_63I5084_noexif.jpg,ad,M
_63I5085_noexif.jpg,ad,M
_63I5088_noexif.jpg,ad,M
_63I5090_noexif.jpg,ad,M
_63I5091_noexif.jpg,ad,M
_63I5099_noexif.jpg,ad,M
_63I5100_noexif.jpg,ad,M
_63I5101_noexif.jpg,ad,M
_63I5115_noexif.jpg,ad,M
_63I5119_noexif.jpg,ad,M
_63I5129_noexif.jpg,ad,F
_63I5132_noexif.jpg,ad,F
_63I5133_noexif.jpg,ad,F
_63I5136_noexif.jpg,ad,F
_63I5140_noexif.jpg,ad,F
_63I5150_noexif.jpg,ad,F
_63I5152_noexif.jpg,ad,F
_63I5153_noexif.jpg,ad,F
_63I5154_noexif.jpg,ad,F
_63I5195_noexif.jpg,juv,M
_63I5196_noexif.jpg,juv,M
_63I5215_noexif.jpg,ad,F
_63I5218_noexif.jpg,ad,F
_63I5236_noexif.jpg,juv,F
_63I5238_noexif.jpg,juv,F
_63I5247_noexif.jpg,juv,F
_63I5254_noexif.jpg,juv,F
_63I5268_noexif.jpg,ad,M
_63I5271_noexif.jpg,ad,M
_63I5273_noexif.jpg,ad,M
_63I5274_noexif.jpg,ad,M
_63I5275_noexif.jpg,ad,M
_63I5288_noexif.jpg,ad,M
_63I5294_noexif.jpg,ad,F
_63I5295_noexif.jpg,ad,M
_63I5296_noexif.jpg,ad,F
_63I5305_noexif.jpg,juv,M
_63I5314_noexif.jpg,juv,M
_63I5322_noexif.jpg,juv,M
_63I5325_noexif.jpg,juv,M
_63I5358_noexif.jpg,juv,M
_63I5365_noexif.jpg,juv,M
_63I5395_noexif.jpg,juv,M
_63I5399_noexif.jpg,juv,M
_63I5402_noexif.jpg,juv,M
_63I5403_noexif.jpg,juv,M
_63I5405_noexif.jpg,juv,M
_63I5419_noexif.jpg,ad,M
_63I5437_noexif.jpg,ad,M
_63I5448_noexif.jpg,ad,M
_63I5451_noexif.jpg,ad,M
_63I5458_noexif.jpg,ad,F
_63I5466_noexif.jpg,ad,M
_63I5482_noexif.jpg,ad,M
_63I5484_noexif.jpg,ad,M
_63I5493_noexif.jpg,,F
_63I5500_noexif.jpg,,F
_63I5501_noexif.jpg,,F
_63I5514_noexif.jpg,ad,M
_63I5515_noexif.jpg,ad,F
_63I5518_noexif.jpg,ad,M
_63I5535_noexif.jpg,ad,M
_63I5536_noexif.jpg,ad,M
_63I5537_noexif.jpg,ad,M
_63I5548_noexif.jpg,juv,M
_63I5553_noexif.jpg,juv,M
_63I5583_noexif.jpg,ad,F
_63I5584_noexif.jpg,ad,F
_63I5588_noexif.jpg,ad,F
_63I5590_noexif.jpg,ad,F
_63I5597_noexif.jpg,ad,M
_63I5617_noexif.jpg,ad,M
_63I5619_noexif.jpg,ad,M
_63I5622_noexif.jpg,ad,M
_63I5623_noexif.jpg,ad,M
_63I5635_noexif.jpg,,M
_63I5637_noexif.jpg,ad,F
_63I5642_noexif.jpg,ad,F
_63I5643_noexif.jpg,ad,F
_63I5647_noexif.jpg,ad,F
_63I5657_noexif.jpg,ad,F
_63I5685_noexif.jpg,ad,M
_63I5701_noexif.jpg,ad,M
_63I5702_noexif.jpg,ad,M
_63I5710_noexif.jpg,ad,M
_63I5713_noexif.jpg,ad,M
_63I5714_noexif.jpg,ad,M
_63I5718_noexif.jpg,ad,M
_63I5719_noexif.jpg,ad,M
_63I5720_noexif.jpg,ad,M
_63I5725_noexif.jpg,ad,M
_63I5726_noexif.jpg,ad,M
_63I5728_noexif.jpg,ad,M
_63I5748_noexif.jpg,ad,M
_63I5766_noexif.jpg,ad,M
_63I5767_noexif.jpg,ad,M
_63I5797_noexif.jpg,ad,F
_63I5798_noexif.jpg,ad,F
_63I5804_noexif.jpg,ad,F
_63I5808_noexif.jpg,ad,F
_63I5809_noexif.jpg,ad,F
_63I5810_noexif.jpg,ad,F
_63I5848_noexif.jpg,ad,F
_63I5849_noexif.jpg,ad,F
_63I5866_noexif.jpg,ad,F
_63I5867_noexif.jpg,ad,F
_63I5884_noexif.jpg,,M
_63I5893_noexif.jpg,,M
_63I5896_noexif.jpg,,M
_63I5898_noexif.jpg,,M
_63I5899_noexif.jpg,,M
_63I5900_noexif.jpg,,M
_63I5908_noexif.jpg,,M
_63I5914_noexif.jpg,,M
_63I5915_noexif.jpg,,M
_63I5917_noexif.jpg,,M
_63I5922_noexif.jpg,ad,F
_63I5923_noexif.jpg,ad,F
_63I5928_noexif.jpg,ad,F
_63I5930_noexif.jpg,ad,F
_63I5931_noexif.jpg,ad,F
_63I5934_noexif.jpg,ad,F
_63I5944_noexif.jpg,juv,M
_63I5951_noexif.jpg,juv,M
_63I5975_noexif.jpg,ad,F
_63I5994_noexif.jpg,ad,M
_63I6004_noexif.jpg,ad,M
_63I6005_noexif.jpg,ad,M
_63I6006_noexif.jpg,ad,M
_63I6035_noexif.jpg,juv,F
_63I6043_noexif.jpg,juv,F
_63I6055_noexif.jpg,ad,M
_63I6057_noexif.jpg,ad,M
_63I6058_noexif.jpg,ad,M
_63I6065_noexif.jpg,ad,M
_63I6073_noexif.jpg,ad,M
_63I6083_noexif.jpg,,F
_63I6089_noexif.jpg,juv,F
_63I6090_noexif.jpg,juv,F
_63I6091_noexif.jpg,juv,F
_63I6106_noexif.jpg,juv,F
_63I6110_noexif.jpg,juv,F
_63I6120_noexif.jpg,juv,F
_63I6124_noexif.jpg,juv,F
_63I6126_noexif.jpg,juv,F
_63I6129_noexif.jpg,juv,F
_63I6131_noexif.jpg,juv,F
_63I6140_noexif.jpg,juv,F
_63I6142_noexif.jpg,juv,F
_63I6144_noexif.jpg,juv,F
_63I6146_noexif.jpg,juv,F
_63I6168_noexif.jpg,ad,M
_63I6171_noexif.jpg,ad,M
_63I6173_noexif.jpg,ad,M
_63I6178_noexif.jpg,ad,M
_63I6180_noexif.jpg,ad,M
_63I6197_noexif.jpg,ad,M
_63I6203_noexif.jpg,ad,M
_63I6224_noexif.jpg,,F
_63I6226_noexif.jpg,,F
_63I6227_noexif.jpg,,F
_63I6230_noexif.jpg,,F
_63I6231_noexif.jpg,,F
_63I6248_noexif.jpg,,F
_63I6252_noexif.jpg,ad,M
_63I6259_noexif.jpg,ad,M
_63I6260_noexif.jpg,ad,M
_63I6274_noexif.jpg,juv,F
_63I6275_noexif.jpg,juv,F
_63I6281_noexif.jpg,juv,M
_63I6288_noexif.jpg,juv,M
_63I6289_noexif.jpg,juv,M
_63I6290_noexif.jpg,juv,M
_63I6308_noexif.jpg,juv,M
_63I6315_noexif.jpg,ad,F
_63I6316_noexif.jpg,ad,F
_63I6317_noexif.jpg,ad,F
_63I6343_noexif.jpg,ad,M
_63I6346_noexif.jpg,ad,M
_63I6347_noexif.jpg,ad,M
_63I6349_noexif.jpg,ad,M
_63I6351_noexif.jpg,ad,M
_63I6352_noexif.jpg,ad,M
_63I6353_noexif.jpg,ad,M
_63I6358_noexif.jpg,ad,M
_63I6373_noexif.jpg,ad,F
_63I6375_noexif.jpg,ad,F
_63I6379_noexif.jpg,ad,F
_63I6380_noexif.jpg,ad,F
_63I6381_noexif.jpg,ad,F
_63I6382_noexif.jpg,ad,F
_63I6387_noexif.jpg,ad,M
_63I6389_noexif.jpg,ad,M
_63I6390_noexif.jpg,ad,M
_63I6391_noexif.jpg,ad,M
_63I6392_noexif.jpg,ad,M
_63I6393_noexif.jpg,ad,M
_63I6394_noexif.jpg,ad,M
_63I6395_noexif.jpg,ad,M
_63I6399_noexif.jpg,ad,M
_63I6400_noexif.jpg,ad,M
_63I6401_noexif.jpg,ad,M
_63I6403_noexif.jpg,ad,M
_63I6405_noexif.jpg,ad,M
_63I6408_noexif.jpg,ad,M
_63I6409_noexif.jpg,ad,M
_63I6411_noexif.jpg,ad,M
_63I6432_noexif.jpg,ad,M
_63I6449_noexif.jpg,ad,M
_63I6451_noexif.jpg,ad,M
_63I6457_noexif.jpg,juv,F
_63I6466_noexif.jpg,ad,M
_63I6468_noexif.jpg,juv,F
_63I6469_noexif.jpg,ad,M
_63I6470_noexif.jpg,ad,M
_63I6474_noexif.jpg,ad,M
_63I6487_noexif.jpg,ad,M
_63I6511_noexif.jpg,ad,F
_63I6513_noexif.jpg,ad,F
_63I6514_noexif.jpg,ad,F
_63I6515_noexif.jpg,ad,F
_63I6517_noexif.jpg,ad,F
_63I6525_noexif.jpg,ad,F
_63I6540_noexif.jpg,ad,M
_63I6543_noexif.jpg,ad,M
_63I6544_noexif.jpg,ad,M
_63I6545_noexif.jpg,ad,M
_63I6553_noexif.jpg,juv,M
_63I6554_noexif.jpg,juv,M
_63I6555_noexif.jpg,juv,M
_63I6570_noexif.jpg,ad,M
_63I6590_noexif.jpg,ad,M
_63I6593_noexif.jpg,ad,M
_63I6596_noexif.jpg,ad,M
_63I6599_noexif.jpg,ad,M
_63I6606_noexif.jpg,ad,M
_63I6608_noexif.jpg,ad,M
_63I6610_noexif.jpg,ad,M
_63I6623_noexif.jpg,ad,M
_63I6625_noexif.jpg,ad,M
_63I6626_noexif.jpg,ad,M
_63I6643_noexif.jpg,ad,M
_63I6647_noexif.jpg,ad,M
_63I6648_noexif.jpg,ad,M
_63I6657_noexif.jpg,ad,M
_63I6679_noexif.jpg,juv,F
_63I6687_noexif.jpg,juv,F
_63I6705_noexif.jpg,ad,M
_63I6706_noexif.jpg,ad,M
_63I6716_noexif.jpg,ad,M
_63I6717_noexif.jpg,ad,M
_63I6718_noexif.jpg,ad,M
_63I6754_noexif.jpg,ad,M
_63I6758_noexif.jpg,ad,M
_63I6759_noexif.jpg,ad,M
_63I6762_noexif.jpg,ad,M
_63I6777_noexif.jpg,ad,M
_63I6782_noexif.jpg,ad,M
_63I6785_noexif.jpg,ad,M
_63I6787_noexif.jpg,ad,M
_63I6788_noexif.jpg,ad,M
_63I6789_noexif.jpg,ad,M
_63I6808_noexif.jpg,ad,F
_63I6809_noexif.jpg,ad,F
_63I6810_noexif.jpg,ad,F
_63I6811_noexif.jpg,ad,F
_63I6812_noexif.jpg,ad,F
_63I6816_noexif.jpg,ad,F
_63I6817_noexif.jpg,ad,F
_63I6825_noexif.jpg,ad,F
_63I6829_noexif.jpg,ad,F
_63I6830_noexif.jpg,ad,F
_63I6832_noexif.jpg,ad,F
_63I6833_noexif.jpg,ad,F
_63I6834_noexif.jpg,ad,F
_63I6835_noexif.jpg,ad,F
_63I6836_noexif.jpg,ad,F
_63I6837_noexif.jpg,ad,F
_63I6855_noexif.jpg,ad,F
_63I6873_noexif.jpg,ad,F
_63I6874_noexif.jpg,ad,F
_63I6893_noexif.jpg,ad,M
_63I6895_noexif.jpg,ad,M
_63I6896_noexif.jpg,ad,M
_63I6927_noexif.jpg,ad,M
_63I6934_noexif.jpg,juv,F
_63I6935_noexif.jpg,juv,F
_63I6939_noexif.jpg,juv,F
_63I6969_noexif.jpg,ad,M
_63I6990_noexif.jpg,ad,M
_63I6993_noexif.jpg,ad,M
_63I7008_noexif.jpg,ad,M
_63I7010_noexif.jpg,ad,M
_63I7027_noexif.jpg,ad,M
_63I7035_noexif.jpg,ad,M
_63I7036_noexif.jpg,ad,M
_63I7039_noexif.jpg,ad,M
_63I7048_noexif.jpg,ad,M
_63I7049_noexif.jpg,ad,F
_63I7074_noexif.jpg,ad,F
_63I7087_noexif.jpg,ad,F
_63I7090_noexif.jpg,ad,F
_63I7096_noexif.jpg,ad,F
_63I7097_noexif.jpg,ad,F
_63I7099_noexif.jpg,ad,F
_63I7240_noexif.jpg,juv,F
_63I7241_noexif.jpg,juv,F
_63I7243_noexif.jpg,juv,F
_63I7260_noexif.jpg,juv,F
_63I7262_noexif.jpg,juv,F
_63I7282_noexif.jpg,juv,M
_63I7286_noexif.jpg,juv,M
_63I7288_noexif.jpg,juv,M
_63I7289_noexif.jpg,juv,M
_63I7290_noexif.jpg,juv,M
_63I7291_noexif.jpg,juv,M
_63I7312_noexif.jpg,juv,M
_63I7313_noexif.jpg,juv,M
_63I7348_noexif.jpg,,
_63I7361_noexif.jpg,ad,F
_63I7367_noexif.jpg,,M
_63I7370_noexif.jpg,,M
_63I7373_noexif.jpg,,M
_63I7381_noexif.jpg,ad,M
_63I7382_noexif.jpg,ad,M
_63I7385_noexif.jpg,ad,M
_63I7393_noexif.jpg,ad,M
_63I7396_noexif.jpg,juv,M
_63I7397_noexif.jpg,ad,F
_63I7410_noexif.jpg,ad,F
_63I7415_noexif.jpg,ad,F
_63I7443_noexif.jpg,juv,M
_63I7466_noexif.jpg,juv,M
_63I7478_noexif.jpg,juv,M
_63I7504_noexif.jpg,juv,M
_63I7512_noexif.jpg,juv,M
_63I7522_noexif.jpg,juv,M
_63I7523_noexif.jpg,juv,M
_63I7524_noexif.jpg,juv,M
_63I7525_noexif.jpg,juv,M
_63I7527_noexif.jpg,juv,M
_63I7528_noexif.jpg,juv,M
_63I7534_noexif.jpg,juv,M
_63I7543_noexif.jpg,juv,M
_63I7544_noexif.jpg,juv,M
_63I7545_noexif.jpg,juv,M
_63I7546_noexif.jpg,juv,M
_63I7547_noexif.jpg,juv,M
_63I7557_noexif.jpg,juv,M
_63I7573_noexif.jpg,juv,M
_63I7574_noexif.jpg,juv,M
_63I7576_noexif.jpg,juv,M
_63I7577_noexif.jpg,juv,M
_63I7578_noexif.jpg,juv,M
_63I7586_noexif.jpg,ad,F
_63I7598_noexif.jpg,ad,F
_63I7600_noexif.jpg,ad,F
_63I7620_noexif.jpg,ad,M
_63I7643_noexif.jpg,ad,M
_63I7644_noexif.jpg,ad,M
_63I7652_noexif.jpg,ad,F
_63I7654_noexif.jpg,ad,F
_63I7659_noexif.jpg,ad,F
_63I7668_noexif.jpg,ad,F
_63I7730_noexif.jpg,ad,M
_63I7740_noexif.jpg,ad,M
_63I7745_noexif.jpg,ad,M
_63I7767_noexif.jpg,ad,F
_63I7774_noexif.jpg,ad,F
_63I7833_noexif.jpg,ad,M
_63I7842_noexif.jpg,ad,F
_63I7843_noexif.jpg,ad,F
_63I7845_noexif.jpg,ad,F
_63I7853_noexif.jpg,ad,M
_63I7858_noexif.jpg,ad,M
_63I7859_noexif.jpg,ad,M
_63I7860_noexif.jpg,ad,M
_63I7869_noexif.jpg,ad,M
_63I7870_noexif.jpg,ad,M
_63I7930_noexif.jpg,ad,M
_63I7932_noexif.jpg,ad,M
_63I7935_noexif.jpg,ad,M
_63I7948_noexif.jpg,juv,M
_63I7951_noexif.jpg,juv,M
_63I7963_noexif.jpg,juv,M
_63I7966_noexif.jpg,juv,M
_63I7967_noexif.jpg,juv,M
_63I7971_noexif.jpg,juv,M
_63I7972_noexif.jpg,juv,M
_63I7976_noexif.jpg,juv,M
_63I7977_noexif.jpg,juv,M
_63I7979_noexif.jpg,juv,M
_63I7980_noexif.jpg,juv,M
_63I7981_noexif.jpg,juv,M
_63I7989_noexif.jpg,juv,M
_63I7991_noexif.jpg,juv,M
_63I7992_noexif.jpg,juv,M
_63I7993_noexif.jpg,juv,M
_63I7995_noexif.jpg,juv,M
_63I8021_noexif.jpg,ad,F
_63I8024_noexif.jpg,ad,F
_63I8026_noexif.jpg,ad,F
_63I8031_noexif.jpg,ad,M
_63I8032_noexif.jpg,ad,M
_63I8035_noexif.jpg,juv,M
_63I8037_noexif.jpg,juv,M
_63I8038_noexif.jpg,juv,M
_63I8039_noexif.jpg,juv,F
_63I8053_noexif.jpg,juv,F
_63I8055_noexif.jpg,juv,F
_63I8056_noexif.jpg,juv,F
_63I8088_noexif.jpg,ad,F
_63I8093_noexif.jpg,ad,F
_63I8095_noexif.jpg,juv,F
_63I8097_noexif.jpg,juv,F
_63I8130_noexif.jpg,ad,F
_63I8132_noexif.jpg,ad,F
_63I8134_noexif.jpg,juv,M
_63I8137_noexif.jpg,juv,M
_63I8168_noexif.jpg,ad,M
_63I8170_noexif.jpg,ad,M
_63I8194_noexif.jpg,ad,F
_63I8197_noexif.jpg,ad,F
_63I8218_noexif.jpg,ad,M
_63I8220_noexif.jpg,ad,M
_63I8225_noexif.jpg,ad,M
_63I8229_noexif.jpg,ad,M
_63I8230_noexif.jpg,ad,M
_63I8232_noexif.jpg,ad,M
_63I8233_noexif.jpg,ad,M
_63I8234_noexif.jpg,ad,M
_63I8235_noexif.jpg,ad,M
_63I8236_noexif.jpg,ad,M
_63I8266_noexif.jpg,juv,M
_63I8268_noexif.jpg,ad,M
_63I8276_noexif.jpg,ad,M
_63I8277_noexif.jpg,ad,M
_63I8282_noexif.jpg,ad,M
_63I8290_noexif.jpg,,F
_63I8297_noexif.jpg,ad,F
_63I8299_noexif.jpg,ad,F
_63I8305_noexif.jpg,ad,F
_63I8313_noexif.jpg,juv,F
_63I8335_noexif.jpg,ad,M
_63I8336_noexif.jpg,ad,M
_63I8343_noexif.jpg,ad,M
_63I8344_noexif.jpg,ad,M
_63I8346_noexif.jpg,ad,M
_63I8372_noexif.jpg,juv,F
_63I8390_noexif.jpg,ad,M
_63I8398_noexif.jpg,ad,M
_63I8415_noexif.jpg,ad,M
_63I8417_noexif.jpg,ad,M
_63I8418_noexif.jpg,ad,M
_63I8421_noexif.jpg,ad,M
_63I8423_noexif.jpg,ad,M
_63I8425_noexif.jpg,ad,M
_63I8426_noexif.jpg,ad,M
_63I8429_noexif.jpg,ad,M
_63I8430_noexif.jpg,ad,M
_63I8437_noexif.jpg,ad,F
_63I8449_noexif.jpg,ad,M
_63I8455_noexif.jpg,ad,M
_63I8460_noexif.jpg,ad,M
_63I8461_noexif.jpg,ad,M
_63I8462_noexif.jpg,ad,M
_63I8472_noexif.jpg,ad,M
_63I8473_noexif.jpg,ad,M
_63I8474_noexif.jpg,ad,M
_63I8498_noexif.jpg,juv,M
_63I8499_noexif.jpg,juv,M
_63I8500_noexif.jpg,juv,M
_63I8511_noexif.jpg,ad,F
_63I8515_noexif.jpg,ad,F
_63I8516_noexif.jpg,ad,F
_63I8517_noexif.jpg,ad,F
_63I8518_noexif.jpg,ad,F
_63I8526_noexif.jpg,juv,M
_63I8527_noexif.jpg,juv,M
_63I8532_noexif.jpg,juv,M
_63I8534_noexif.jpg,juv,M
_63I8538_noexif.jpg,juv,F
_63I8539_noexif.jpg,ad,M
_63I8541_noexif.jpg,juv,F
_63I8543_noexif.jpg,juv,F
_63I8554_noexif.jpg,ad,M
_63I8573_noexif.jpg,juv,M
_63I8577_noexif.jpg,juv,M
_63I8586_noexif.jpg,ad,M
_63I8589_noexif.jpg,ad,M
_63I8590_noexif.jpg,ad,M
_63I8591_noexif.jpg,ad,M
_63I8597_noexif.jpg,ad,M
_63I8600_noexif.jpg,ad,M
_63I8610_noexif.jpg,ad,M
_63I8615_noexif.jpg,ad,M
_63I8627_noexif.jpg,ad,M
_63I8628_noexif.jpg,ad,M
_63I8632_noexif.jpg,juv,M
_63I8639_noexif.jpg,juv,M
_63I8658_noexif.jpg,juv,M
_63I8696_noexif.jpg,juv,M
_63I8716_noexif.jpg,ad,M
_63I8720_noexif.jpg,ad,M
_63I8721_noexif.jpg,ad,M
_63I8737_noexif.jpg,juv,M
_63I8743_noexif.jpg,juv,M
_63I8745_noexif.jpg,juv,M
_63I8779_noexif.jpg,juv,F
_63I8780_noexif.jpg,juv,F
_63I8783_noexif.jpg,juv,F
_63I8796_noexif.jpg,juv,M
_63I8810_noexif.jpg,juv,M
_63I8814_noexif.jpg,juv,M
_63I8816_noexif.jpg,juv,M
_63I8819_noexif.jpg,juv,M
_63I8820_noexif.jpg,juv,M
_63I8829_noexif.jpg,juv,M
_63I8830_noexif.jpg,juv,M
_63I8833_noexif.jpg,juv,M
_63I8834_noexif.jpg,juv,M
_63I8835_noexif.jpg,juv,M
_63I8836_noexif.jpg,juv,M
_63I8838_noexif.jpg,juv,M
_63I8839_noexif.jpg,juv,M
_63I8844_noexif.jpg,juv,F
_63I8845_noexif.jpg,juv,F
_63I8869_noexif.jpg,juv,F
_63I8870_noexif.jpg,juv,F
_63I8871_noexif.jpg,juv,F
_63I8875_noexif.jpg,,M
_63I8876_noexif.jpg,,M
_63I8882_noexif.jpg,juv,M
_63I8885_noexif.jpg,juv,M
_63I8893_noexif.jpg,juv,M
_63I8894_noexif.jpg,juv,M
_63I8895_noexif.jpg,juv,M
_63I8897_noexif.jpg,juv,M
_63I8898_noexif.jpg,juv,M
_63I8901_noexif.jpg,juv,M
_63I8916_noexif.jpg,juv,M
_63I8919_noexif.jpg,juv,M
_63I8921_noexif.jpg,juv,M
_63I8925_noexif.jpg,juv,M
_63I8990_noexif.jpg,ad,M
_63I9003_noexif.jpg,juv,M
_63I9004_noexif.jpg,juv,M
_63I9020_noexif.jpg,ad,M
_63I9021_noexif.jpg,ad,M
_63I9022_noexif.jpg,ad,M
_63I9026_noexif.jpg,ad,M
_63I9027_noexif.jpg,ad,M
_63I9028_noexif.jpg,ad,M
_63I9040_noexif.jpg,ad,F
_63I9057_noexif.jpg,juv,M
_63I9058_noexif.jpg,juv,M
_63I9059_noexif.jpg,juv,M
_63I9075_noexif.jpg,juv,M
_63I9077_noexif.jpg,juv,M
_63I9079_noexif.jpg,juv,M
_63I9089_noexif.jpg,juv,F
_63I9091_noexif.jpg,juv,F
_63I9092_noexif.jpg,juv,F
_63I9093_noexif.jpg,juv,F
_63I9095_noexif.jpg,juv,F
_63I9097_noexif.jpg,juv,F
_63I9098_noexif.jpg,juv,F
_63I9114_noexif.jpg,ad,M
_63I9138_noexif.jpg,ad,M
_63I9140_noexif.jpg,ad,M
_63I9141_noexif.jpg,ad,M
_63I9142_noexif.jpg,ad,M
_63I9152_noexif.jpg,ad,M
_63I9172_noexif.jpg,ad,M
_63I9173_noexif.jpg,ad,M
_63I9174_noexif.jpg,ad,M
_63I9175_noexif.jpg,ad,M
_63I9180_noexif.jpg,ad,M
_63I9188_noexif.jpg,juv,F
_63I9190_noexif.jpg,juv,F
_63I9245_noexif.jpg,juv,M
_63I9262_noexif.jpg,juv,M
_63I9263_noexif.jpg,juv,M
_63I9285_noexif.jpg,juv,F
_63I9292_noexif.jpg,juv,F
_63I9293_noexif.jpg,juv,F
_63I9300_noexif.jpg,juv,F
_63I9301_noexif.jpg,juv,F
_63I9302_noexif.jpg,juv,F
_63I9322_noexif.jpg,juv,F
_63I9384_noexif.jpg,juv,M
_63I9390_noexif.jpg,juv,F
_63I9391_noexif.jpg,juv,F
_63I9411_noexif.jpg,juv,F
_63I9419_noexif.jpg,,M
_63I9421_noexif.jpg,ad,F
_63I9429_noexif.jpg,ad,F
_63I9432_noexif.jpg,ad,M
_63I9440_noexif.jpg,ad,M
_63I9450_noexif.jpg,juv,M
_63I9468_noexif.jpg,juv,M
_63I9469_noexif.jpg,juv,M
_63I9479_noexif.jpg,juv,M
_63I9484_noexif.jpg,juv,M
_63I9489_noexif.jpg,juv,F
_63I9492_noexif.jpg,juv,F
_63I9493_noexif.jpg,juv,F
_63I9507_noexif.jpg,ad,M
_63I9513_noexif.jpg,ad,F
_63I9514_noexif.jpg,ad,F
_63I9519_noexif.jpg,ad,F
_63I9526_noexif.jpg,ad,F
_63I9555_noexif.jpg,ad,M
_63I9566_noexif.jpg,,M
_63I9608_noexif.jpg,,M
_63I9612_noexif.jpg,,M
_63I9614_noexif.jpg,,M
_63I9619_noexif.jpg,juv,M
_63I9637_noexif.jpg,juv,M
_63I9651_noexif.jpg,juv,M
_63I9652_noexif.jpg,juv,M
_63I9657_noexif.jpg,juv,M
_63I9662_noexif.jpg,juv,M
_63I9672_noexif.jpg,juv,M
_63I9674_noexif.jpg,juv,M
_63I9675_noexif.jpg,juv,M
_63I9695_noexif.jpg,juv,M
_63I9696_noexif.jpg,juv,M
_63I9698_noexif.jpg,juv,M
_63I9721_noexif.jpg,juv,M
_63I9732_noexif.jpg,juv,M
_63I9746_noexif.jpg,juv,M
_63I9753_noexif.jpg,juv,F
_63I9762_noexif.jpg,juv,F
_63I9763_noexif.jpg,juv,F
_63I9766_noexif.jpg,juv,F
_63I9781_noexif.jpg,juv,M
_63I9782_noexif.jpg,juv,M
_63I9790_noexif.jpg,juv,M
_63I9792_noexif.jpg,juv,M
_63I9793_noexif.jpg,juv,M
_63I9794_noexif.jpg,juv,M
_63I9795_noexif.jpg,juv,M
_63I9796_noexif.jpg,juv,F
_63I9802_noexif.jpg,juv,F
_63I9815_noexif.jpg,ad,F
_63I9828_noexif.jpg,ad,F
_63I9846_noexif.jpg,,
_63I9853_noexif.jpg,,
_63I9854_noexif.jpg,juv,
_63I9865_noexif.jpg,juv,
_63I9870_noexif.jpg,ad,F
_63I9878_noexif.jpg,ad,F
_63I9879_noexif.jpg,ad,F
_63I9880_noexif.jpg,ad,F
_63I9881_noexif.jpg,ad,F
_63I9884_noexif.jpg,juv,
_63I9885_noexif.jpg,juv,
_63I9886_noexif.jpg,juv,
_63I9896_noexif.jpg,juv,M
_63I9901_noexif.jpg,juv,M
_63I9903_noexif.jpg,juv,M
_63I9904_noexif.jpg,juv,M
_63I9905_noexif.jpg,juv,M
_63I9906_noexif.jpg,juv,M
_63I9907_noexif.jpg,juv,M
_63I9909_noexif.jpg,juv,M
_63I9913_noexif.jpg,juv,M
_63I9914_noexif.jpg,juv,M
_63I9918_noexif.jpg,juv,M
_63I9920_noexif.jpg,juv,M
_63I9922_noexif.jpg,juv,M
_63I9923_noexif.jpg,juv,M
_63I9924_noexif.jpg,juv,M
_63I9929_noexif.jpg,juv,M
_63I9930_noexif.jpg,juv,M
_63I9934_noexif.jpg,juv,M
_63I9942_noexif.jpg,juv,M
_63I9943_noexif.jpg,juv,M
_63I9944_noexif.jpg,juv,M
_63I9945_noexif.jpg,juv,M
_63I9952_noexif.jpg,juv,M
_63I9954_noexif.jpg,juv,M
_63I9967_noexif.jpg,juv,M
_63I9968_noexif.jpg,juv,M
_63I9977_noexif.jpg,ad,M
_63I9978_noexif.jpg,juv,F
_63I9980_noexif.jpg,juv,F
_63I9981_noexif.jpg,juv,F
_63I9995_noexif.jpg,ad,M
_63I9996_noexif.jpg,ad,M
